{"title":"Projects","markdown":{"yaml":{"title":"Projects"},"headingText":"Data Analytics Projects","containsRefs":false,"markdown":"\n\n\n### Job Market Analysis 2024: Gender Disparities in Hiring & Political Influence\n\n**Tools Used**: Python, Power BI, Excel, Machine Learning, Cloud Analytics\n\n**Overview**: Conducted comprehensive analysis of 2024 job market trends for job seekers, focusing on gender disparities in hiring practices and the influence of political factors on employment patterns.\n\n**Methodology**:\n- Applied machine learning methods to analyze hiring patterns\n- Leveraged cloud analytics platforms for scalable data processing\n- Processed large datasets of job postings and hiring outcomes\n- Statistical analysis of gender representation across industries\n\n**Key Findings**:\n- Analyzed hiring patterns across multiple industries and demographics\n- Identified significant gender gaps in specific sectors\n- Examined correlation between political factors and hiring decisions\n- Developed interactive visualizations to communicate insights\n\n**Impact**: Provided data-driven insights for job seekers and policy recommendations on equitable hiring practices.\n\n---\n\n### NYC Live Real Estate Market Analysis for Investment Decisions\n\n**Tools Used**: Python, R, Power BI, Excel\n\n**Overview**: Real-time analysis of New York City real estate market to support investment decision-making through data-driven insights.\n\n**Key Components**:\n- Market trend analysis across NYC boroughs\n- Price prediction modeling using historical data\n- ROI calculations for different property types\n- Risk assessment and investment recommendations\n- Interactive dashboards for stakeholder presentation\n\n**Outcomes**:\n- Developed predictive models with high accuracy for property valuation\n- Created comprehensive investment guides for different risk profiles\n- Identified emerging neighborhoods with high growth potential\n\n---\n\n## Professional Projects\n\n### MSME Competitiveness Enhancement\n**Organization**: International Institute in Geneva\n\nSupported research and program development for SME competitiveness, quality infrastructure, and market access initiatives.\n\n### Rural Women Economic Empowerment\n**Organization**: Government of India - NSS\n\n**Achievement**: Increased rural women income by 60% through MSME operations\n\n- Led training programs for 500+ rural women\n- Secured INR 1,000,000 in funding\n- Coordinated enrollment and program materials\n\n### WASH-linked Education Programme\n**Organization**: The Art of Living Foundation\n\n**Impact**: Delivered 95% reduction in open defecation through integrated education programs\n\n- Coordinated capacity building across 6 EU countries and 12 Indian states\n- Organized large-scale training events and workshops\n","srcMarkdownNoYaml":"\n\n## Data Analytics Projects\n\n### Job Market Analysis 2024: Gender Disparities in Hiring & Political Influence\n\n**Tools Used**: Python, Power BI, Excel, Machine Learning, Cloud Analytics\n\n**Overview**: Conducted comprehensive analysis of 2024 job market trends for job seekers, focusing on gender disparities in hiring practices and the influence of political factors on employment patterns.\n\n**Methodology**:\n- Applied machine learning methods to analyze hiring patterns\n- Leveraged cloud analytics platforms for scalable data processing\n- Processed large datasets of job postings and hiring outcomes\n- Statistical analysis of gender representation across industries\n\n**Key Findings**:\n- Analyzed hiring patterns across multiple industries and demographics\n- Identified significant gender gaps in specific sectors\n- Examined correlation between political factors and hiring decisions\n- Developed interactive visualizations to communicate insights\n\n**Impact**: Provided data-driven insights for job seekers and policy recommendations on equitable hiring practices.\n\n---\n\n### NYC Live Real Estate Market Analysis for Investment Decisions\n\n**Tools Used**: Python, R, Power BI, Excel\n\n**Overview**: Real-time analysis of New York City real estate market to support investment decision-making through data-driven insights.\n\n**Key Components**:\n- Market trend analysis across NYC boroughs\n- Price prediction modeling using historical data\n- ROI calculations for different property types\n- Risk assessment and investment recommendations\n- Interactive dashboards for stakeholder presentation\n\n**Outcomes**:\n- Developed predictive models with high accuracy for property valuation\n- Created comprehensive investment guides for different risk profiles\n- Identified emerging neighborhoods with high growth potential\n\n---\n\n## Professional Projects\n\n### MSME Competitiveness Enhancement\n**Organization**: International Institute in Geneva\n\nSupported research and program development for SME competitiveness, quality infrastructure, and market access initiatives.\n\n### Rural Women Economic Empowerment\n**Organization**: Government of India - NSS\n\n**Achievement**: Increased rural women income by 60% through MSME operations\n\n- Led training programs for 500+ rural women\n- Secured INR 1,000,000 in funding\n- Coordinated enrollment and program materials\n\n### WASH-linked Education Programme\n**Organization**: The Art of Living Foundation\n\n**Impact**: Delivered 95% reduction in open defecation through integrated education programs\n\n- Coordinated capacity building across 6 EU countries and 12 Indian states\n- Organized large-scale training events and workshops\n"},"formats":{"html":{"identifier":{"display-name":"HTML","target-format":"html","base-format":"html"},"execute":{"fig-width":7,"fig-height":5,"fig-format":"retina","fig-dpi":96,"df-print":"default","error":false,"eval":true,"cache":null,"freeze":false,"echo":true,"output":true,"warning":true,"include":true,"keep-md":false,"keep-ipynb":false,"ipynb":null,"enabled":null,"daemon":null,"daemon-restart":false,"debug":false,"ipynb-filters":[],"ipynb-shell-interactivity":null,"plotly-connected":true,"engine":"markdown"},"render":{"keep-tex":false,"keep-typ":false,"keep-source":false,"keep-hidden":false,"prefer-html":false,"output-divs":true,"output-ext":"html","fig-align":"default","fig-pos":null,"fig-env":null,"code-fold":"none","code-overflow":"scroll","code-link":false,"code-line-numbers":false,"code-tools":false,"tbl-colwidths":"auto","merge-includes":true,"inline-includes":false,"preserve-yaml":false,"latex-auto-mk":true,"latex-auto-install":true,"latex-clean":true,"latex-min-runs":1,"latex-max-runs":10,"latex-makeindex":"makeindex","latex-makeindex-opts":[],"latex-tlmgr-opts":[],"latex-input-paths":[],"latex-output-dir":null,"link-external-icon":false,"link-external-newwindow":false,"self-contained-math":false,"format-resources":[],"notebook-links":true},"pandoc":{"standalone":true,"wrap":"none","default-image-extension":"png","to":"html","css":["styles.css"],"include-after-body":["theme-toggle.html"],"output-file":"projects.html"},"language":{"toc-title-document":"Table of contents","toc-title-website":"On this page","related-formats-title":"Other Formats","related-notebooks-title":"Notebooks","source-notebooks-prefix":"Source","other-links-title":"Other Links","code-links-title":"Code Links","launch-dev-container-title":"Launch Dev Container","launch-binder-title":"Launch Binder","article-notebook-label":"Article Notebook","notebook-preview-download":"Download Notebook","notebook-preview-download-src":"Download Source","notebook-preview-back":"Back to Article","manuscript-meca-bundle":"MECA Bundle","section-title-abstract":"Abstract","section-title-appendices":"Appendices","section-title-footnotes":"Footnotes","section-title-references":"References","section-title-reuse":"Reuse","section-title-copyright":"Copyright","section-title-citation":"Citation","appendix-attribution-cite-as":"For attribution, please cite this work as:","appendix-attribution-bibtex":"BibTeX citation:","appendix-view-license":"View License","title-block-author-single":"Author","title-block-author-plural":"Authors","title-block-affiliation-single":"Affiliation","title-block-affiliation-plural":"Affiliations","title-block-published":"Published","title-block-modified":"Modified","title-block-keywords":"Keywords","callout-tip-title":"Tip","callout-note-title":"Note","callout-warning-title":"Warning","callout-important-title":"Important","callout-caution-title":"Caution","code-summary":"Code","code-tools-menu-caption":"Code","code-tools-show-all-code":"Show All Code","code-tools-hide-all-code":"Hide All Code","code-tools-view-source":"View Source","code-tools-source-code":"Source Code","tools-share":"Share","tools-download":"Download","code-line":"Line","code-lines":"Lines","copy-button-tooltip":"Copy to Clipboard","copy-button-tooltip-success":"Copied!","repo-action-links-edit":"Edit this page","repo-action-links-source":"View source","repo-action-links-issue":"Report an issue","back-to-top":"Back to top","search-no-results-text":"No results","search-matching-documents-text":"matching documents","search-copy-link-title":"Copy link to search","search-hide-matches-text":"Hide additional matches","search-more-match-text":"more match in this document","search-more-matches-text":"more matches in this document","search-clear-button-title":"Clear","search-text-placeholder":"","search-detached-cancel-button-title":"Cancel","search-submit-button-title":"Submit","search-label":"Search","toggle-section":"Toggle section","toggle-sidebar":"Toggle sidebar navigation","toggle-dark-mode":"Toggle dark mode","toggle-reader-mode":"Toggle reader mode","toggle-navigation":"Toggle navigation","crossref-fig-title":"Figure","crossref-tbl-title":"Table","crossref-lst-title":"Listing","crossref-thm-title":"Theorem","crossref-lem-title":"Lemma","crossref-cor-title":"Corollary","crossref-prp-title":"Proposition","crossref-cnj-title":"Conjecture","crossref-def-title":"Definition","crossref-exm-title":"Example","crossref-exr-title":"Exercise","crossref-ch-prefix":"Chapter","crossref-apx-prefix":"Appendix","crossref-sec-prefix":"Section","crossref-eq-prefix":"Equation","crossref-lof-title":"List of Figures","crossref-lot-title":"List of Tables","crossref-lol-title":"List of Listings","environment-proof-title":"Proof","environment-remark-title":"Remark","environment-solution-title":"Solution","listing-page-order-by":"Order By","listing-page-order-by-default":"Default","listing-page-order-by-date-asc":"Oldest","listing-page-order-by-date-desc":"Newest","listing-page-order-by-number-desc":"High to Low","listing-page-order-by-number-asc":"Low to High","listing-page-field-date":"Date","listing-page-field-title":"Title","listing-page-field-description":"Description","listing-page-field-author":"Author","listing-page-field-filename":"File Name","listing-page-field-filemodified":"Modified","listing-page-field-subtitle":"Subtitle","listing-page-field-readingtime":"Reading Time","listing-page-field-wordcount":"Word Count","listing-page-field-categories":"Categories","listing-page-minutes-compact":"{0} min","listing-page-category-all":"All","listing-page-no-matches":"No matching items","listing-page-words":"{0} words","listing-page-filter":"Filter","draft":"Draft"},"metadata":{"lang":"en","fig-responsive":true,"quarto-version":"1.8.24","theme":"cosmo","title":"Projects"},"extensions":{"book":{"multiFile":true}}}},"projectFormats":["html"]}